{"cameraMode":{"drawMode":0,"name":"Shaded","section":"Shading Mode"},"sceneLighting":false,"audioPlay":false,"sceneViewState":{"m_AlwaysRefresh":false,"showFog":true,"showSkybox":false,"showFlares":true,"showImageEffects":true,"showParticleSystems":true,"showVisualEffectGraphs":true,"m_FxEnabled":true},"in2DMode":false,"pivot":{"x":3.1672115325927736,"y":0.5422317981719971,"z":0.5681450366973877},"rotation":{"x":-0.033411912620067599,"y":0.9351570010185242,"z":-0.0917600765824318,"w":-0.3405105471611023},"size":0.8660253882408142,"orthographic":false}